N,종목명,현재가,전일비,등락률,액면가,시가총액,상장주식수,외국인비율,거래량,PER,ROE,토론실
,,,,,,,,,,,,
1.0,삼성전자,65200.0,500.0,-0.76%,100.0,3892298.0,5969783.0,51.65,12892761.0,8.09,17.07,
2.0,LG에너지솔루션,566000.0,6000.0,-1.05%,500.0,1324440.0,234000.0,5.42,188882.0,171.26,5.75,
3.0,SK하이닉스,87200.0,1900.0,-2.13%,5000.0,634818.0,728002.0,49.52,2049772.0,28.47,3.56,
4.0,삼성바이오로직스,797000.0,12000.0,+1.53%,2500.0,567257.0,71174.0,10.65,64937.0,69.84,11.42,
5.0,LG화학,767000.0,4000.0,-0.52%,5000.0,541443.0,70592.0,48.38,163023.0,32.54,6.95,
,,,,,,,,,,,,
,,,,,,,,,,,,
,,,,,,,,,,,,
6.0,삼성SDI,726000.0,8000.0,-1.09%,5000.0,499230.0,68765.0,49.53,159581.0,26.18,12.52,
7.0,삼성전자우,55200.0,500.0,-0.90%,100.0,454233.0,822887.0,71.9,827427.0,6.85,,
8.0,현대차,191900.0,1500.0,+0.79%,5000.0,405929.0,211532.0,31.33,433472.0,7.22,9.36,
9.0,기아,84700.0,1400.0,+1.68%,5000.0,343343.0,405363.0,36.97,935081.0,6.35,14.57,
10.0,POSCO홀딩스,398500.0,2500.0,+0.63%,5000.0,337016.0,84571.0,40.85,1483513.0,10.93,6.11,
,,,,,,,,,,,,
,,,,,,,,,,,,
,,,,,,,,,,,,
11.0,NAVER,190000.0,300.0,-0.16%,100.0,311693.0,164049.0,47.25,467450.0,41.0,3.29,
12.0,포스코퓨처엠,363500.0,16000.0,-4.22%,500.0,281579.0,77463.0,8.44,1667843.0,238.05,4.87,
13.0,카카오,57200.0,700.0,-1.21%,100.0,254916.0,445657.0,26.07,952887.0,18.83,13.54,
14.0,셀트리온,166500.0,1700.0,-1.01%,1000.0,243641.0,146331.0,20.41,311023.0,45.28,13.35,
15.0,현대모비스,232000.0,2000.0,+0.87%,5000.0,218741.0,94285.0,37.0,295277.0,8.82,6.8,
,,,,,,,,,,,,
,,,,,,,,,,,,
,,,,,,,,,,,,
16.0,삼성물산,107500.0,300.0,-0.28%,100.0,200904.0,186887.0,17.65,180871.0,9.91,7.16,
17.0,KB금융,49200.0,900.0,-1.80%,5000.0,198527.0,403511.0,72.76,1004183.0,4.6,9.17,
18.0,신한지주,35350.0,500.0,-1.39%,5000.0,178556.0,505108.0,62.43,1124547.0,4.04,9.7,
19.0,LG전자,107400.0,400.0,-0.37%,5000.0,175758.0,163648.0,28.42,557996.0,16.23,6.61,
20.0,SK이노베이션,179100.0,2900.0,-1.59%,5000.0,165606.0,92466.0,24.0,428366.0,10.7,8.49,
,,,,,,,,,,,,
,,,,,,,,,,,,
,,,,,,,,,,,,
21.0,LG,87700.0,1000.0,-1.13%,5000.0,137953.0,157301.0,35.77,127876.0,7.1,8.48,
22.0,삼성생명,65600.0,400.0,-0.61%,500.0,131200.0,200000.0,15.6,135179.0,8.29,5.73,
23.0,하나금융지주,41600.0,550.0,-1.30%,5000.0,123096.0,295903.0,70.9,787327.0,3.48,10.06,
24.0,SK,165200.0,1700.0,-1.02%,200.0,120924.0,73198.0,23.37,96811.0,11.23,5.13,
25.0,한국전력,18630.0,450.0,-2.36%,5000.0,119598.0,641964.0,14.5,1058950.0,-0.49,-46.91,
,,,,,,,,,,,,
,,,,,,,,,,,,
,,,,,,,,,,,,
26.0,KT&G,86000.0,1200.0,-1.38%,5000.0,118072.0,137292.0,44.48,375339.0,11.62,11.0,
27.0,두산에너빌리티,18080.0,330.0,-1.79%,5000.0,115813.0,640561.0,13.05,5808040.0,-14.5,-11.7,
28.0,카카오뱅크,22900.0,350.0,-1.51%,5000.0,109180.0,476767.0,13.49,615679.0,41.41,4.68,
29.0,하이브,259000.0,9000.0,+3.60%,500.0,107105.0,41353.0,17.63,269616.0,204.74,1.87,
30.0,고려아연,537000.0,8000.0,-1.47%,5000.0,106665.0,19863.0,21.83,35228.0,13.24,9.38,
,,,,,,,,,,,,
,,,,,,,,,,,,
,,,,,,,,,,,,
31.0,삼성전기,142200.0,500.0,+0.35%,5000.0,106214.0,74694.0,29.52,340195.0,11.25,13.76,
32.0,SK텔레콤,47700.0,900.0,-1.85%,100.0,104383.0,218833.0,44.22,405395.0,11.44,7.97,
33.0,HMM,21150.0,550.0,-2.53%,5000.0,103432.0,489039.0,11.25,1137443.0,1.03,64.98,
34.0,삼성화재,217500.0,1000.0,+0.46%,500.0,103040.0,47375.0,52.02,45786.0,8.59,9.7,
35.0,LG생활건강,625000.0,15000.0,+2.46%,5000.0,97614.0,15618.0,34.78,106115.0,46.81,4.41,
,,,,,,,,,,,,
,,,,,,,,,,,,
,,,,,,,,,,,,
36.0,HD현대중공업,109900.0,0.0,0.00%,5000.0,97562.0,88773.0,6.4,153558.0,-27.71,-6.47,
37.0,크래프톤,191000.0,2900.0,-1.50%,100.0,94043.0,49237.0,30.54,122958.0,18.74,10.29,
38.0,한화솔루션,54600.0,500.0,-0.91%,5000.0,93853.0,171893.0,24.75,2651803.0,29.29,4.21,
39.0,삼성에스디에스,117700.0,700.0,-0.59%,500.0,91074.0,77378.0,15.53,81042.0,8.28,14.23,
40.0,S-Oil,77500.0,700.0,-0.90%,2500.0,87252.0,112583.0,79.66,216093.0,4.29,27.2,
,,,,,,,,,,,,
,,,,,,,,,,,,
,,,,,,,,,,,,
41.0,우리금융지주,11670.0,80.0,-0.68%,5000.0,84965.0,728061.0,39.85,1710986.0,2.7,11.51,
42.0,대한항공,22950.0,300.0,-1.29%,5000.0,84507.0,368221.0,15.2,840844.0,4.78,21.95,
43.0,기업은행,10140.0,50.0,-0.49%,5000.0,80859.0,797426.0,13.93,574742.0,2.92,9.85,
44.0,엔씨소프트,363500.0,3500.0,-0.95%,500.0,79803.0,21954.0,45.34,41639.0,18.32,13.73,
45.0,KT,29900.0,700.0,-2.29%,5000.0,78072.0,261112.0,40.48,1247000.0,6.18,7.99,
,,,,,,,,,,,,
,,,,,,,,,,,,
,,,,,,,,,,,,
46.0,메리츠금융지주,45350.0,2750.0,+6.46%,500.0,77816.0,171589.0,12.85,1083022.0,5.56,30.32,
47.0,롯데케미칼,173300.0,900.0,-0.52%,5000.0,74130.0,42775.0,24.04,64863.0,101.4,0.43,
48.0,카카오페이,54800.0,800.0,-1.44%,500.0,73380.0,133905.0,43.47,162971.0,134.64,3.08,
49.0,아모레퍼시픽,124300.0,1200.0,-0.96%,500.0,72706.0,58493.0,24.76,438061.0,63.84,2.81,
50.0,LG이노텍,262000.0,2500.0,-0.95%,5000.0,62008.0,23667.0,21.04,192852.0,6.33,25.85,
,,,,,,,,,,,,
,,,,,,,,,,,,
,,,,,,,,,,,,
,,,,,,,,,,,,
51.0,현대글로비스,164500.0,500.0,-0.30%,500.0,61688.0,37500.0,47.22,83872.0,5.18,18.78,
52.0,HD한국조선해양,86700.0,1100.0,+1.29%,5000.0,61360.0,70773.0,20.68,316578.0,-28.29,-2.22,
53.0,KODEX 200,33350.0,230.0,-0.68%,0.0,58746.0,176150.0,3.65,3198479.0,,,
54.0,삼성엔지니어링,29850.0,50.0,+0.17%,5000.0,58506.0,196000.0,46.8,694811.0,8.8,28.32,
55.0,DB손해보험,82000.0,500.0,-0.61%,500.0,58056.0,70800.0,44.06,100829.0,5.91,16.45,
,,,,,,,,,,,,
,,,,,,,,,,,,
,,,,,,,,,,,,
56.0,SK아이이테크놀로지,81400.0,1500.0,-1.81%,1000.0,58036.0,71298.0,6.84,455081.0,-195.67,-1.35,
57.0,LG디스플레이,16190.0,160.0,-0.98%,5000.0,57930.0,357816.0,20.06,1367515.0,-1.89,-26.71,
58.0,SK스퀘어,40400.0,1200.0,-2.88%,100.0,57153.0,141468.0,42.25,389919.0,22.0,1.55,
59.0,넷마블,65900.0,300.0,-0.45%,100.0,56643.0,85954.0,22.55,150229.0,-6.91,-14.56,
60.0,한국항공우주,57700.0,200.0,+0.35%,5000.0,56243.0,97475.0,27.74,1276506.0,47.49,8.78,
,,,,,,,,,,,,
,,,,,,,,,,,,
,,,,,,,,,,,,
61.0,SK바이오사이언스,72600.0,3300.0,-4.35%,500.0,55745.0,76784.0,4.0,325648.0,45.49,,
62.0,오리온,140900.0,3300.0,-2.29%,500.0,55706.0,39536.0,41.58,119640.0,14.2,16.47,
63.0,SK바이오팜,69200.0,100.0,-0.14%,500.0,54193.0,78313.0,6.54,79107.0,-38.88,-36.66,
64.0,한화에어로스페이스,106300.0,200.0,-0.19%,5000.0,53820.0,50630.0,33.26,1713281.0,26.8,6.98,
65.0,F&F,136900.0,2200.0,+1.63%,100.0,52442.0,38307.0,12.51,152482.0,11.87,60.4,
,,,,,,,,,,,,
,,,,,,,,,,,,
,,,,,,,,,,,,
66.0,코스모신소재,170000.0,9400.0,-5.24%,1000.0,52106.0,30651.0,7.03,703370.0,186.61,12.13,
67.0,포스코인터내셔널,28950.0,1000.0,+3.58%,5000.0,50930.0,175923.0,5.02,1014444.0,6.06,15.79,
68.0,한온시스템,9500.0,350.0,+3.83%,100.0,50711.0,533800.0,16.43,1357857.0,250.0,0.89,
69.0,맥쿼리인프라,12450.0,20.0,-0.16%,0.0,50403.0,404846.0,13.84,445912.0,,,
70.0,삼성중공업,5710.0,0.0,0.00%,1000.0,50248.0,880000.0,16.07,3207592.0,-8.11,-16.08,
,,,,,,,,,,,,
,,,,,,,,,,,,
,,,,,,,,,,,,
71.0,LG유플러스,11020.0,130.0,-1.17%,5000.0,48115.0,436611.0,38.97,670280.0,7.25,8.37,
72.0,현대제철,36050.0,1350.0,-3.61%,5000.0,48107.0,133446.0,24.82,538010.0,4.73,5.56,
73.0,TIGER CD금리투자KIS(합성),52250.0,5.0,+0.01%,0.0,47805.0,91492.0,0.0,80977.0,,,
74.0,두산밥캣,47500.0,900.0,+1.93%,500.0,47618.0,100249.0,34.91,227837.0,7.39,13.78,
75.0,HD현대,60100.0,100.0,+0.17%,1000.0,47475.0,78993.0,18.84,88528.0,3.37,20.43,
,,,,,,,,,,,,
,,,,,,,,,,,,
,,,,,,,,,,,,
76.0,CJ제일제당,314000.0,1500.0,-0.48%,5000.0,47270.0,15054.0,24.43,26967.0,8.63,9.26,
77.0,현대건설,40900.0,150.0,-0.37%,5000.0,45544.0,111356.0,24.88,705367.0,11.25,5.49,
78.0,한국타이어앤테크놀로지,35450.0,100.0,+0.28%,500.0,43914.0,123875.0,37.69,175992.0,6.36,8.14,
79.0,유한양행,56700.0,400.0,+0.71%,1000.0,43454.0,76639.0,20.04,121360.0,46.36,4.86,
80.0,미래에셋증권,6860.0,70.0,-1.01%,5000.0,41525.0,605316.0,13.06,514193.0,8.27,6.17,
,,,,,,,,,,,,
,,,,,,,,,,,,
,,,,,,,,,,,,
81.0,강원랜드,19170.0,140.0,-0.73%,500.0,41012.0,213940.0,17.95,384028.0,35.5,3.47,
82.0,금호석유,137700.0,0.0,0.00%,5000.0,40366.0,29314.0,21.3,78385.0,4.44,19.11,
83.0,SKC,105000.0,1900.0,-1.78%,5000.0,39762.0,37868.0,11.71,184369.0,-58.17,-3.67,
84.0,한미약품,314500.0,2500.0,+0.80%,2500.0,39508.0,12562.0,17.17,30813.0,47.72,9.89,
85.0,코웨이,52200.0,300.0,+0.58%,500.0,38523.0,73800.0,61.4,149225.0,8.41,21.72,
,,,,,,,,,,,,
,,,,,,,,,,,,
,,,,,,,,,,,,
86.0,현대로템,35150.0,1950.0,+5.87%,5000.0,38364.0,109142.0,14.46,17827033.0,19.4,14.06,
87.0,GS,39900.0,650.0,-1.60%,5000.0,37073.0,92915.0,25.01,116657.0,1.76,18.86,
88.0,금양,63600.0,1800.0,-2.75%,500.0,36920.0,58050.0,5.44,3350981.0,-115.85,-24.34,
89.0,메리츠증권,6100.0,0.0,0.00%,1000.0,36184.0,593181.0,14.58,0.0,5.11,15.26,
90.0,KODEX KOFR금리액티브(합성),102770.0,20.0,+0.02%,0.0,36126.0,35152.0,0.0,410311.0,,,
,,,,,,,,,,,,
,,,,,,,,,,,,
,,,,,,,,,,,,
91.0,현대차2우B,100000.0,0.0,0.00%,5000.0,36121.0,36121.0,63.07,50370.0,3.76,,
92.0,삼성카드,30300.0,100.0,-0.33%,5000.0,35105.0,115859.0,6.73,43658.0,5.64,8.08,
93.0,씨에스윈드,82300.0,1800.0,-2.14%,500.0,34707.0,42171.0,11.89,1154774.0,-3578.26,-0.11,
94.0,현대오토에버,124000.0,7100.0,+6.07%,500.0,34006.0,27424.0,3.54,147659.0,29.85,8.0,
95.0,현대해상,36350.0,200.0,-0.55%,500.0,32497.0,89400.0,37.81,190609.0,5.66,12.44,
,,,,,,,,,,,,
,,,,,,,,,,,,
,,,,,,,,,,,,
96.0,BGF리테일,181900.0,1200.0,-0.66%,1000.0,31439.0,17284.0,34.08,29424.0,16.24,21.85,
97.0,한국금융지주,56100.0,1300.0,-2.26%,5000.0,31262.0,55726.0,38.57,171013.0,5.43,8.45,
98.0,팬오션,5840.0,140.0,-2.34%,1000.0,31219.0,534570.0,15.01,1647328.0,4.61,16.74,
99.0,한진칼,46200.0,2250.0,+5.12%,2500.0,30844.0,66762.0,16.09,94182.0,4.55,33.64,
100.0,삼성증권,34500.0,400.0,-1.15%,5000.0,30808.0,89300.0,28.92,182725.0,7.29,6.88,
,,,,,,,,,,,,
,,,,,,,,,,,,
,,,,,,,,,,,,
,,,,,,,,,,,,
101.0,한미사이언스,43900.0,400.0,+0.92%,500.0,30711.0,69957.0,0.84,138546.0,44.39,9.78,
102.0,호텔신라,78200.0,500.0,-0.64%,5000.0,30692.0,39248.0,19.9,352232.0,-62.36,-8.99,
103.0,NH투자증권,9200.0,110.0,-1.18%,5000.0,30513.0,331666.0,12.38,318448.0,10.43,4.32,
104.0,아모레G,37000.0,350.0,-0.94%,500.0,30510.0,82458.0,9.94,433935.0,57.1,1.87,
105.0,대우조선해양,28200.0,100.0,+0.36%,5000.0,30256.0,107291.0,3.97,520142.0,-1.73,-117.79,
,,,,,,,,,,,,
,,,,,,,,,,,,
,,,,,,,,,,,,
106.0,쌍용C&E,5990.0,40.0,-0.66%,100.0,30181.0,503860.0,2.76,581633.0,23.58,7.87,
107.0,LS,93000.0,300.0,+0.32%,5000.0,29946.0,32200.0,13.95,262005.0,6.63,12.0,
108.0,한전기술,77700.0,2300.0,-2.87%,200.0,29697.0,38220.0,3.59,284926.0,165.32,3.4,
109.0,롯데지주,28300.0,550.0,-1.91%,200.0,29689.0,104909.0,8.67,136838.0,17.53,2.42,
110.0,현대미포조선,73800.0,100.0,+0.14%,5000.0,29477.0,39942.0,20.6,375646.0,-66.13,-2.07,
,,,,,,,,,,,,
,,,,,,,,,,,,
,,,,,,,,,,,,
111.0,롯데에너지머티리얼즈,63500.0,600.0,-0.94%,500.0,29280.0,46111.0,7.95,222320.0,66.84,3.58,
112.0,LG화학우,380500.0,13000.0,-3.30%,5000.0,29256.0,7689.0,64.83,92734.0,16.14,,
113.0,OCI,120800.0,1600.0,+1.34%,5000.0,28810.0,23849.0,18.1,518412.0,3.27,25.21,
114.0,DB하이텍,63800.0,1500.0,-2.30%,5000.0,28326.0,44399.0,25.26,714050.0,5.08,40.73,
115.0,GS리테일,26900.0,400.0,-1.47%,1000.0,28169.0,104718.0,8.97,128145.0,69.69,1.0,
,,,,,,,,,,,,
,,,,,,,,,,,,
,,,,,,,,,,,,
116.0,TIGER 차이나전기차SOLACTIVE,11050.0,175.0,-1.56%,0.0,27833.0,251880.0,0.18,4862749.0,,,
117.0,CJ,94900.0,13800.0,-12.70%,5000.0,27689.0,29177.0,19.13,2536341.0,16.75,3.94,
118.0,한화시스템,14640.0,190.0,+1.31%,5000.0,27658.0,188919.0,4.25,1000427.0,-36.15,-3.63,
119.0,이마트,98300.0,500.0,-0.51%,5000.0,27402.0,27876.0,31.49,58576.0,2.66,9.59,
120.0,키움증권,99900.0,4800.0,-4.58%,5000.0,26193.0,26220.0,25.4,82891.0,5.72,11.5,
,,,,,,,,,,,,
,,,,,,,,,,,,
,,,,,,,,,,,,
121.0,KODEX 종합채권(AA-이상)액티브,105955.0,175.0,+0.17%,0.0,25872.0,24418.0,0.03,11872.0,,,
122.0,한국가스공사,27200.0,900.0,-3.20%,5000.0,25109.0,92313.0,8.22,274565.0,1.68,15.67,
123.0,동원산업,50100.0,700.0,-1.38%,1000.0,25041.0,49983.0,2.72,25569.0,6.34,8.53,
124.0,한솔케미칼,220500.0,3500.0,-1.56%,5000.0,24994.0,11335.0,40.77,31140.0,16.11,21.36,
125.0,KODEX 200선물인버스2X,2700.0,40.0,+1.50%,0.0,24524.0,908300.0,1.23,93206652.0,,,
,,,,,,,,,,,,
,,,,,,,,,,,,
,,,,,,,,,,,,
126.0,농심,387500.0,6500.0,+1.71%,5000.0,23570.0,6083.0,16.43,16456.0,20.3,5.17,
127.0,현대차우,97000.0,500.0,+0.52%,5000.0,23390.0,24113.0,59.95,34507.0,3.65,,
128.0,HL만도,49000.0,2150.0,+4.59%,1000.0,23009.0,46957.0,22.87,731396.0,23.41,4.78,
129.0,롯데쇼핑,80800.0,900.0,-1.10%,5000.0,22857.0,28289.0,11.84,40770.0,-7.04,-3.3,
130.0,TIGER 미국나스닥100,77315.0,55.0,+0.07%,0.0,22445.0,29030.0,0.22,104144.0,,,
,,,,,,,,,,,,
,,,,,,,,,,,,
,,,,,,,,,,,,
131.0,코스모화학,63800.0,2500.0,-3.77%,1000.0,22335.0,35008.0,8.58,1351280.0,190.45,6.13,
132.0,에스디바이오센서,21250.0,400.0,-1.85%,500.0,22196.0,104452.0,14.46,473962.0,2.41,35.3,
133.0,한화,29250.0,650.0,+2.27%,5000.0,21925.0,74959.0,17.32,786279.0,2.18,24.47,
134.0,BNK금융지주,6700.0,100.0,-1.47%,5000.0,21838.0,325935.0,35.59,847678.0,2.7,8.43,
135.0,휠라홀딩스,35900.0,700.0,-1.91%,1000.0,21810.0,60752.0,45.77,233951.0,6.34,19.71,
,,,,,,,,,,,,
,,,,,,,,,,,,
,,,,,,,,,,,,
136.0,제일기획,18890.0,260.0,-1.36%,200.0,21731.0,115041.0,32.72,442731.0,11.22,16.64,
137.0,에스원,57000.0,600.0,-1.04%,500.0,21660.0,37999.0,54.46,42530.0,14.34,10.19,
138.0,두산퓨얼셀,33000.0,350.0,-1.05%,100.0,21613.0,65494.0,16.23,353428.0,702.13,0.74,
139.0,한화생명,2415.0,50.0,-2.03%,5000.0,20975.0,868530.0,8.03,1016211.0,2.86,9.05,
140.0,TIGER 200,33410.0,210.0,-0.62%,0.0,20831.0,62350.0,0.78,752797.0,,,
,,,,,,,,,,,,
,,,,,,,,,,,,
,,,,,,,,,,,,
141.0,KCC,234000.0,20000.0,+9.35%,5000.0,20794.0,8886.0,13.16,233348.0,61.4,0.67,
142.0,KODEX 200TR,11225.0,80.0,-0.71%,0.0,20373.0,181500.0,1.6,237180.0,,,
143.0,신세계,203000.0,2500.0,-1.22%,5000.0,19986.0,9845.0,17.48,67716.0,4.92,10.34,
144.0,한미반도체,20300.0,1300.0,-6.02%,100.0,19760.0,97339.0,6.11,3841104.0,21.73,25.04,
145.0,대한전선,1582.0,46.0,-2.83%,100.0,19688.0,1244473.0,3.12,11892988.0,87.89,3.32,
,,,,,,,,,,,,
,,,,,,,,,,,,
,,,,,,,,,,,,
146.0,영원무역,44400.0,250.0,-0.56%,500.0,19674.0,44311.0,30.4,57006.0,2.92,26.8,
147.0,동서,19360.0,20.0,-0.10%,500.0,19302.0,99700.0,3.36,77611.0,11.5,11.33,
148.0,LS ELECTRIC,64000.0,300.0,+0.47%,5000.0,19200.0,30000.0,14.06,133124.0,21.26,5.95,
149.0,KODEX 레버리지,15980.0,240.0,-1.48%,0.0,19112.0,119600.0,3.31,10864022.0,,,
150.0,TIGER 미국S&P500,13795.0,25.0,+0.18%,0.0,18513.0,134200.0,1.0,801684.0,,,
,,,,,,,,,,,,
,,,,,,,,,,,,
,,,,,,,,,,,,
,,,,,,,,,,,,
151.0,LIG넥스원,84100.0,3600.0,+4.47%,5000.0,18502.0,22000.0,12.48,789400.0,15.05,14.48,
152.0,GS건설,21300.0,1000.0,-4.48%,5000.0,18229.0,85581.0,24.86,1080007.0,5.37,7.18,
153.0,현대일렉트릭,50500.0,500.0,-0.98%,5000.0,18204.0,36047.0,17.28,682100.0,11.2,22.13,
154.0,오뚜기,454000.0,3500.0,+0.78%,5000.0,18196.0,4008.0,11.44,4152.0,6.21,16.53,
155.0,효성첨단소재,406000.0,2000.0,-0.49%,5000.0,18189.0,4480.0,7.19,21827.0,14.51,19.11,
,,,,,,,,,,,,
,,,,,,,,,,,,
,,,,,,,,,,,,
156.0,HD현대인프라코어,8980.0,190.0,+2.16%,1000.0,17924.0,199603.0,16.23,3361676.0,7.72,15.29,
157.0,CJ대한통운,77700.0,1700.0,-2.14%,5000.0,17725.0,22812.0,16.35,36883.0,9.76,5.09,
158.0,LX세미콘,107900.0,200.0,+0.19%,500.0,17549.0,16264.0,27.31,267567.0,7.51,26.7,
159.0,대우건설,4150.0,130.0,-3.04%,5000.0,17248.0,415623.0,11.97,1014225.0,3.42,14.55,
160.0,효성티앤씨,394000.0,5500.0,-1.38%,5000.0,17051.0,4328.0,8.01,15137.0,147.12,0.88,
,,,,,,,,,,,,
,,,,,,,,,,,,
,,,,,,,,,,,,
161.0,JB금융지주,8640.0,180.0,-2.04%,5000.0,17019.0,196983.0,33.23,346527.0,2.83,13.76,
162.0,현대위아,61600.0,1800.0,+3.01%,5000.0,16752.0,27195.0,8.57,318437.0,25.61,1.99,
163.0,한전KPS,37200.0,500.0,-1.33%,200.0,16740.0,45000.0,7.64,150338.0,16.71,8.61,
164.0,KG모빌리티,8760.0,0.0,0.00%,5000.0,16377.0,186956.0,24.6,0.0,-8.18,-12.1,
165.0,서울가스,327500.0,140000.0,-29.95%,5000.0,16375.0,5000.0,5.62,23596.0,92.62,1.7,
,,,,,,,,,,,,
,,,,,,,,,,,,
,,,,,,,,,,,,
166.0,덴티움,143300.0,1200.0,-0.83%,500.0,15862.0,11069.0,23.51,65588.0,18.43,25.86,
167.0,두산,95700.0,2100.0,-2.15%,5000.0,15813.0,16524.0,8.26,74916.0,-2.94,-36.0,
168.0,TIGER 미국테크TOP10 INDXX,10935.0,30.0,-0.27%,0.0,15681.0,143400.0,0.58,836656.0,,,
169.0,하이트진로,22350.0,250.0,+1.13%,5000.0,15675.0,70134.0,10.1,203156.0,18.3,7.72,
170.0,롯데정밀화학,59800.0,500.0,-0.83%,5000.0,15428.0,25800.0,21.24,66032.0,10.56,6.51,
,,,,,,,,,,,,
,,,,,,,,,,,,
,,,,,,,,,,,,
171.0,TIGER 미국필라델피아반도체나스닥,10705.0,105.0,-0.97%,0.0,15372.0,143600.0,0.93,637526.0,,,
172.0,KODEX 23-12 은행채(AA+이상)액티브,10280.0,0.0,0.00%,0.0,15275.0,148590.0,0.0,28491.0,,,
173.0,에스엘,32100.0,800.0,+2.56%,500.0,14910.0,46449.0,13.1,202670.0,9.76,9.87,
174.0,롯데칠성,159600.0,600.0,+0.38%,500.0,14809.0,9279.0,12.1,20421.0,12.5,9.11,
175.0,솔루스첨단소재,41950.0,750.0,-1.76%,100.0,14729.0,35111.0,6.21,135181.0,-161.97,-2.68,
,,,,,,,,,,,,
,,,,,,,,,,,,
,,,,,,,,,,,,
176.0,TIGER MSCI Korea TR,13975.0,120.0,-0.85%,0.0,14716.0,105300.0,0.18,97798.0,,,
177.0,녹십자,125700.0,1300.0,-1.02%,5000.0,14690.0,11687.0,21.86,22983.0,22.44,5.03,
178.0,대성홀딩스,91100.0,39000.0,-29.98%,1000.0,14657.0,16089.0,6.48,47846.0,404.89,0.76,
179.0,현대엘리베이,34700.0,300.0,-0.86%,5000.0,14163.0,40815.0,29.25,172603.0,18.07,6.89,
180.0,삼천리,348500.0,149000.0,-29.95%,5000.0,14132.0,4055.0,15.25,36391.0,28.69,3.58,
,,,,,,,,,,,,
,,,,,,,,,,,,
,,,,,,,,,,,,
181.0,효성,66800.0,600.0,-0.89%,5000.0,14075.0,21071.0,5.31,22006.0,89.91,0.6,
182.0,후성,14100.0,200.0,-1.40%,500.0,13304.0,94352.0,2.94,1120034.0,13.47,31.6,
183.0,동원시스템즈,45750.0,1700.0,-3.58%,5000.0,13264.0,28991.0,13.55,141897.0,18.57,10.4,
184.0,이수화학,46300.0,1750.0,+3.93%,5000.0,12945.0,27960.0,4.22,4305672.0,46.67,9.41,
185.0,금호타이어,4460.0,120.0,+2.76%,5000.0,12812.0,287260.0,4.4,415801.0,-16.22,-6.87,
,,,,,,,,,,,,
,,,,,,,,,,,,
,,,,,,,,,,,,
186.0,DL이앤씨,33000.0,950.0,-2.80%,5000.0,12769.0,38694.0,23.0,187475.0,3.43,9.7,
187.0,SK케미칼,73400.0,1800.0,-2.39%,5000.0,12664.0,17254.0,14.66,63853.0,7.54,9.11,
188.0,풍산,44800.0,0.0,0.00%,5000.0,12555.0,28024.0,14.92,634362.0,7.17,9.94,
189.0,KODEX 삼성그룹,9300.0,30.0,-0.32%,0.0,12499.0,134400.0,0.14,241968.0,,,
190.0,TIGER 2차전지테마,30490.0,720.0,-2.31%,0.0,12455.0,40850.0,0.0,2453585.0,,,
,,,,,,,,,,,,
,,,,,,,,,,,,
,,,,,,,,,,,,
191.0,대웅제약,107400.0,500.0,-0.46%,2500.0,12444.0,11587.0,7.77,25692.0,29.46,7.17,
192.0,KODEX 단기채권PLUS,106425.0,10.0,+0.01%,0.0,12361.0,11615.0,0.0,187882.0,,,
193.0,코오롱인더,44750.0,100.0,-0.22%,5000.0,12315.0,27519.0,18.75,101485.0,7.54,7.13,
194.0,KBSTAR 종합채권(A-이상)액티브,98185.0,60.0,+0.06%,0.0,12204.0,12430.0,0.0,346.0,,,
195.0,KBSTAR 200,33565.0,250.0,-0.74%,0.0,12184.0,36300.0,0.02,425227.0,,,
,,,,,,,,,,,,
,,,,,,,,,,,,
,,,,,,,,,,,,
196.0,현대백화점,51700.0,700.0,-1.34%,5000.0,12099.0,23402.0,22.48,72035.0,8.4,3.2,
197.0,LX인터내셔널,30800.0,550.0,-1.75%,5000.0,11938.0,38760.0,28.36,379110.0,2.32,25.53,
198.0,동국제강,12490.0,290.0,-2.27%,5000.0,11920.0,95433.0,25.51,300814.0,2.89,14.21,
199.0,한국앤컴퍼니,12480.0,20.0,+0.16%,500.0,11848.0,94935.0,9.04,99045.0,7.14,4.37,
200.0,KG스틸,11730.0,520.0,-4.24%,5000.0,11731.0,100009.0,2.09,2927406.0,2.19,37.73,
,,,,,,,,,,,,
,,,,,,,,,,,,
,,,,,,,,,,,,
,,,,,,,,,,,,
201.0,DGB금융지주,6900.0,90.0,-1.29%,5000.0,11671.0,169146.0,44.23,412594.0,2.91,7.38,
202.0,아이에스동서,37700.0,700.0,-1.82%,500.0,11647.0,30893.0,3.73,143552.0,5.95,14.84,
203.0,삼아알미늄,78700.0,4500.0,-5.41%,500.0,11578.0,14712.0,36.8,289045.0,50.32,13.24,
204.0,일진하이솔루스,31350.0,800.0,+2.62%,500.0,11384.0,36313.0,1.97,126917.0,161.6,2.27,
205.0,HD현대건설기계,56900.0,100.0,-0.18%,5000.0,11210.0,19701.0,24.93,80510.0,10.05,7.99,
,,,,,,,,,,,,
,,,,,,,,,,,,
,,,,,,,,,,,,
206.0,SK네트웍스,4720.0,10.0,-0.21%,2500.0,11129.0,235778.0,9.16,674653.0,13.56,3.88,
207.0,GKL,17960.0,90.0,-0.50%,500.0,11109.0,61856.0,5.9,830718.0,-48.8,-5.94,
208.0,KODEX Top5PlusTR,16185.0,100.0,-0.61%,0.0,11087.0,68500.0,12.41,479.0,,,
209.0,한올바이오파마,21050.0,200.0,-0.94%,500.0,10997.0,52241.0,6.35,236070.0,4210.0,0.15,
210.0,SK가스,119100.0,2800.0,-2.30%,5000.0,10993.0,9230.0,5.24,5591.0,4.28,11.53,
,,,,,,,,,,,,
,,,,,,,,,,,,
,,,,,,,,,,,,
211.0,제주항공,14270.0,450.0,-3.06%,1000.0,10987.0,76994.0,3.71,293372.0,-5.07,-70.86,
212.0,SK오션플랜트,20600.0,400.0,-1.90%,500.0,10966.0,53235.0,6.04,423047.0,39.31,6.73,
213.0,KODEX 2차전지산업,29470.0,705.0,-2.34%,0.0,10815.0,36700.0,0.1,2254742.0,,,
214.0,솔루엠,21550.0,150.0,+0.70%,500.0,10776.0,50006.0,13.03,376635.0,22.78,16.93,
215.0,한샘,45600.0,550.0,-1.19%,1000.0,10731.0,23534.0,13.05,16845.0,-15.04,-13.37,
,,,,,,,,,,,,
,,,,,,,,,,,,
,,,,,,,,,,,,
216.0,영풍,580000.0,16000.0,-2.68%,5000.0,10684.0,1842.0,5.58,2604.0,2.91,9.96,
217.0,대덕전자,21500.0,850.0,-3.80%,500.0,10625.0,49417.0,13.89,459703.0,6.02,23.94,
218.0,코리안리,7510.0,30.0,-0.40%,500.0,10576.0,140823.0,29.77,130352.0,6.7,5.91,
219.0,DL,50300.0,1600.0,-3.08%,5000.0,10541.0,20956.0,11.51,115581.0,18.77,1.52,
220.0,TIGER TOP10,10945.0,50.0,-0.45%,0.0,10496.0,95900.0,12.21,63621.0,,,
,,,,,,,,,,,,
,,,,,,,,,,,,
,,,,,,,,,,,,
221.0,종근당,83400.0,400.0,-0.48%,2500.0,10482.0,12568.0,8.31,21087.0,12.95,13.62,
222.0,오리온홀딩스,16510.0,60.0,-0.36%,500.0,10343.0,62645.0,6.88,53810.0,10.04,4.83,
223.0,TIGER 단기통안채,103210.0,10.0,+0.01%,0.0,10008.0,9697.0,1.45,1750574.0,,,
224.0,롯데웰푸드,105700.0,1000.0,-0.94%,500.0,9972.0,9435.0,13.27,17308.0,17.82,2.89,
225.0,대한유화,153400.0,2800.0,-1.79%,5000.0,9971.0,6500.0,6.18,24381.0,-6.69,-7.66,
,,,,,,,,,,,,
,,,,,,,,,,,,
,,,,,,,,,,,,
226.0,율촌화학,40100.0,450.0,-1.11%,500.0,9945.0,24800.0,8.82,42331.0,-240.12,-1.22,
227.0,명신산업,18910.0,30.0,+0.16%,500.0,9922.0,52470.0,4.06,228011.0,11.57,25.18,
228.0,더존비즈온,32400.0,600.0,-1.82%,500.0,9844.0,30383.0,18.86,96094.0,42.8,5.15,
229.0,신풍제약,18500.0,130.0,-0.70%,500.0,9802.0,52985.0,5.31,157686.0,-28.86,-10.27,
230.0,PI첨단소재,33200.0,450.0,-1.34%,500.0,9750.0,29366.0,6.07,82533.0,21.32,13.7,
,,,,,,,,,,,,
,,,,,,,,,,,,
,,,,,,,,,,,,
231.0,아시아나항공,13040.0,140.0,-1.06%,5000.0,9703.0,74412.0,7.29,158716.0,8.79,18.48,
232.0,TCC스틸,37350.0,4050.0,-9.78%,1000.0,9700.0,25969.0,2.67,1410150.0,30.61,16.54,
233.0,SK리츠,4930.0,40.0,-0.80%,500.0,9690.0,196554.0,6.12,192841.0,259.47,0.43,
234.0,KODEX 코스닥150선물인버스,4200.0,80.0,+1.94%,0.0,9685.0,230600.0,1.59,73411965.0,,,
235.0,롯데렌탈,26000.0,350.0,-1.33%,5000.0,9525.0,36634.0,3.48,54685.0,10.09,7.48,
,,,,,,,,,,,,
,,,,,,,,,,,,
,,,,,,,,,,,,
236.0,NHN,26350.0,700.0,-2.59%,500.0,9491.0,36017.0,13.12,56212.0,-30.32,-1.82,
237.0,TKG휴켐스,23050.0,50.0,+0.22%,1000.0,9423.0,40879.0,6.78,138399.0,11.52,11.37,
238.0,한국콜마,40550.0,800.0,-1.93%,500.0,9278.0,22881.0,26.8,109216.0,-42.2,-3.26,
239.0,애경케미칼,18740.0,530.0,+2.91%,500.0,9117.0,48649.0,1.13,863883.0,15.16,8.47,
240.0,삼양식품,119100.0,1500.0,+1.28%,5000.0,8972.0,7533.0,9.16,34323.0,11.24,18.92,
,,,,,,,,,,,,
,,,,,,,,,,,,
,,,,,,,,,,,,
241.0,KODEX 인버스,4640.0,35.0,+0.76%,0.0,8937.0,192600.0,0.71,10851959.0,,,
242.0,롯데리츠,3645.0,25.0,-0.68%,500.0,8856.0,242969.0,9.88,271525.0,62.84,1.25,
243.0,하나투어,55000.0,900.0,-1.61%,500.0,8822.0,16039.0,6.6,95334.0,-12.59,-64.01,
244.0,이엔플러스,14500.0,860.0,+6.30%,500.0,8786.0,60591.0,0.45,10973598.0,-22.66,-53.0,
245.0,다우기술,19490.0,610.0,-3.03%,500.0,8744.0,44867.0,24.2,274688.0,2.35,17.36,
,,,,,,,,,,,,
,,,,,,,,,,,,
,,,,,,,,,,,,
246.0,한일시멘트,12620.0,20.0,+0.16%,500.0,8741.0,69262.0,2.46,32376.0,11.09,5.59,
247.0,세아베스틸지주,24000.0,350.0,+1.48%,5000.0,8607.0,35862.0,11.47,181138.0,9.46,4.91,
248.0,제이알글로벌리츠,4355.0,20.0,-0.46%,1000.0,8596.0,197376.0,9.88,327240.0,45.84,2.04,
249.0,F&F홀딩스,21950.0,1200.0,-5.18%,500.0,8586.0,39114.0,0.41,108048.0,6.49,6.64,
250.0,대웅,14660.0,280.0,-1.87%,500.0,8524.0,58142.0,5.23,62130.0,8.31,13.17,
,,,,,,,,,,,,
,,,,,,,,,,,,
,,,,,,,,,,,,
,,,,,,,,,,,,
251.0,영원무역홀딩스,62500.0,400.0,-0.64%,500.0,8522.0,13636.0,18.41,5819.0,1.93,23.98,
252.0,LG전자우,48600.0,100.0,-0.21%,5000.0,8352.0,17186.0,40.06,26831.0,7.35,,
253.0,코스맥스,73500.0,2900.0,-3.80%,500.0,8342.0,11350.0,25.19,209287.0,40.01,3.65,
254.0,더블유게임즈,45300.0,50.0,-0.11%,500.0,8324.0,18375.0,12.15,28382.0,-6.3,-16.82,
255.0,미원상사,169900.0,100.0,+0.06%,500.0,8240.0,4850.0,2.63,701.0,11.68,22.64,
,,,,,,,,,,,,
,,,,,,,,,,,,
,,,,,,,,,,,,
256.0,넥센타이어,8350.0,60.0,+0.72%,500.0,8155.0,97668.0,5.02,117575.0,-31.27,-1.74,
257.0,진에어,15560.0,550.0,-3.41%,1000.0,8122.0,52200.0,2.3,384999.0,-16.43,-35.07,
258.0,롯데관광개발,10900.0,30.0,-0.27%,500.0,8040.0,73763.0,4.51,658317.0,-3.48,-154.22,
259.0,ESR켄달스퀘어리츠,3745.0,50.0,-1.32%,1000.0,7980.0,213089.0,50.48,353899.0,62.42,1.39,
260.0,KODEX 단기채권,105810.0,15.0,+0.01%,0.0,7964.0,7527.0,0.44,2318680.0,,,
,,,,,,,,,,,,
,,,,,,,,,,,,
,,,,,,,,,,,,
261.0,KODEX 코스닥150레버리지,10335.0,385.0,-3.59%,0.0,7917.0,76600.0,0.09,13657611.0,,,
262.0,태광산업,711000.0,6000.0,-0.84%,5000.0,7916.0,1113.0,4.98,922.0,2.32,8.52,
263.0,이노션,39300.0,400.0,-1.01%,500.0,7860.0,20000.0,31.46,19899.0,11.13,8.46,
264.0,HDC현대산업개발,11880.0,210.0,-1.74%,5000.0,7830.0,65907.0,7.62,188900.0,15.55,1.75,
265.0,해성디에스,45700.0,1350.0,-2.87%,5000.0,7769.0,17000.0,15.27,93189.0,4.87,42.99,
,,,,,,,,,,,,
,,,,,,,,,,,,
,,,,,,,,,,,,
266.0,TIGER 200 IT,30360.0,280.0,-0.91%,0.0,7560.0,24900.0,0.11,54065.0,,,
267.0,KG케미칼,54200.0,4800.0,-8.14%,5000.0,7515.0,13866.0,6.73,894174.0,2.48,47.97,
268.0,세방전지,53500.0,400.0,-0.74%,500.0,7490.0,14000.0,22.5,95550.0,17.49,3.58,
269.0,SNT모티브,51200.0,400.0,+0.79%,5000.0,7487.0,14623.0,18.72,45323.0,8.56,10.08,
270.0,DN오토모티브,74800.0,500.0,+0.67%,500.0,7476.0,9994.0,1.72,38556.0,4.13,22.81,
,,,,,,,,,,,,
,,,,,,,,,,,,
,,,,,,,,,,,,
271.0,녹십자홀딩스,15690.0,170.0,-1.07%,500.0,7379.0,47028.0,6.2,43481.0,23.67,3.18,
272.0,미원에스씨,140800.0,100.0,+0.07%,500.0,7181.0,5100.0,0.46,1324.0,11.08,18.38,
273.0,CJ CGV,14910.0,380.0,-2.49%,500.0,7116.0,47726.0,5.56,119687.0,-3.93,-55.24,
274.0,효성중공업,76000.0,1700.0,-2.19%,5000.0,7087.0,9325.0,10.93,74694.0,69.34,1.07,
275.0,케이카,14690.0,160.0,+1.10%,500.0,7064.0,48087.0,5.95,197607.0,23.28,11.65,
,,,,,,,,,,,,
,,,,,,,,,,,,
,,,,,,,,,,,,
276.0,KCC글라스,44200.0,600.0,-1.34%,1000.0,7059.0,15971.0,8.06,55405.0,7.51,6.64,
277.0,제주은행,21900.0,3250.0,-12.92%,5000.0,7036.0,32129.0,1.06,1479223.0,30.85,4.4,
278.0,한세실업,17480.0,70.0,+0.40%,500.0,6992.0,40000.0,10.22,148137.0,8.16,17.1,
279.0,KODEX 자동차,19030.0,290.0,+1.55%,0.0,6946.0,36500.0,0.13,333223.0,,,
280.0,신세계인터내셔날,19450.0,650.0,-3.23%,1000.0,6944.0,35700.0,4.92,303348.0,5.87,15.29,
,,,,,,,,,,,,
,,,,,,,,,,,,
,,,,,,,,,,,,
281.0,삼성 인버스 2X 천연가스 선물 ETN C,68145.0,1945.0,+2.94%,0.0,6814.0,10000.0,0.0,33964.0,,,
282.0,대신증권,13190.0,130.0,-0.98%,5000.0,6697.0,50773.0,11.75,36297.0,9.87,4.38,
283.0,대상,19320.0,90.0,-0.46%,1000.0,6694.0,34648.0,10.32,66204.0,8.38,6.57,
284.0,SBS,36500.0,500.0,+1.39%,5000.0,6662.0,18253.0,0.0,45376.0,4.37,20.64,
285.0,대한해운,2075.0,35.0,-1.66%,500.0,6623.0,319177.0,6.45,813803.0,4.2,11.21,
,,,,,,,,,,,,
,,,,,,,,,,,,
,,,,,,,,,,,,
286.0,자화전자,30500.0,1200.0,-3.79%,500.0,6614.0,21684.0,4.62,217090.0,-15.38,-11.9,
287.0,동양생명,4080.0,120.0,-2.86%,5000.0,6583.0,161359.0,82.33,470032.0,8.89,2.99,
288.0,티웨이항공,3365.0,280.0,-7.68%,500.0,6542.0,194414.0,1.41,4721552.0,-5.07,-222.35,
289.0,프레스티지바이오파마,10870.0,300.0,-2.69%,0.0,6532.0,60096.0,63.21,64824.0,-4.48,-32.84,
290.0,우리종금,746.0,17.0,-2.23%,500.0,6522.0,874203.0,2.55,1019005.0,7.1,14.4,
,,,,,,,,,,,,
,,,,,,,,,,,,
,,,,,,,,,,,,
291.0,LX홀딩스,8510.0,20.0,-0.23%,1000.0,6491.0,76281.0,9.79,248590.0,3.89,,
292.0,드림텍,9530.0,40.0,-0.42%,100.0,6428.0,67446.0,24.02,318321.0,9.85,17.24,
293.0,삼양홀딩스,74500.0,900.0,+1.22%,5000.0,6380.0,8564.0,8.12,10582.0,9.3,4.01,
294.0,한국단자,60900.0,200.0,-0.33%,500.0,6343.0,10415.0,21.58,14124.0,13.02,5.69,
295.0,KODEX MSCI Korea TR,11125.0,80.0,-0.71%,0.0,6330.0,56900.0,1.16,1402.0,,,
,,,,,,,,,,,,
,,,,,,,,,,,,
,,,,,,,,,,,,
296.0,HD현대에너지솔루션,56400.0,200.0,+0.36%,5000.0,6317.0,11200.0,13.24,367138.0,10.42,17.27,
297.0,바이오노트,6200.0,120.0,-1.90%,500.0,6316.0,101876.0,0.95,276360.0,1.89,21.48,
298.0,SPC삼립,73000.0,2000.0,-2.67%,5000.0,6299.0,8629.0,2.94,16002.0,11.83,14.7,
299.0,SK디스커버리,32550.0,500.0,-1.51%,5000.0,6197.0,19038.0,9.64,43978.0,1.55,16.34,
300.0,보령,9010.0,230.0,-2.49%,500.0,6189.0,68690.0,6.07,238850.0,14.77,8.47,
,,,,,,,,,,,,
,,,,,,,,,,,,
,,,,,,,,,,,,
,,,,,,,,,,,,
301.0,한섬,25050.0,150.0,+0.60%,500.0,6170.0,24630.0,25.58,41321.0,5.02,9.56,
302.0,ACE 종합채권(AA-이상)KIS액티브,96590.0,115.0,-0.12%,0.0,6140.0,6357.0,0.0,817.0,,,
303.0,TIGER KOFR금리액티브(합성),101370.0,10.0,+0.01%,0.0,6087.0,6005.0,0.0,11847.0,,,
304.0,ARIRANG 200,34095.0,210.0,-0.61%,0.0,6069.0,17800.0,0.04,79393.0,,,
305.0,쏘카,18390.0,20.0,+0.11%,100.0,6025.0,32762.0,0.48,38349.0,-30.86,-9.1,
,,,,,,,,,,,,
,,,,,,,,,,,,
,,,,,,,,,,,,
306.0,DI동일,22700.0,650.0,-2.78%,500.0,5911.0,26041.0,1.9,241515.0,10.98,9.37,
307.0,한화투자증권,2715.0,100.0,-3.55%,5000.0,5825.0,214548.0,6.85,769002.0,-10.86,-3.2,
308.0,세방,30150.0,12900.0,-29.97%,500.0,5822.0,19309.0,11.93,295602.0,6.58,11.12,
309.0,ACE 미국S&P500,13940.0,30.0,+0.22%,0.0,5771.0,41400.0,0.74,131061.0,,,
310.0,현대홈쇼핑,48050.0,100.0,-0.21%,5000.0,5766.0,12000.0,24.93,4629.0,6.68,4.5,
,,,,,,,,,,,,
,,,,,,,,,,,,
,,,,,,,,,,,,
311.0,쿠쿠홈시스,25600.0,150.0,-0.58%,100.0,5744.0,22437.0,4.9,20818.0,5.01,17.66,
312.0,이수페타시스,9050.0,150.0,-1.63%,1000.0,5724.0,63246.0,6.55,1517113.0,5.59,58.92,
313.0,세아제강지주,138000.0,3800.0,-2.68%,5000.0,5715.0,4142.0,8.78,9502.0,2.05,20.56,
314.0,동원F&B,29600.0,1100.0,-3.58%,1000.0,5712.0,19296.0,6.78,18264.0,6.29,10.8,
315.0,삼성SDI우,352000.0,8000.0,-2.22%,5000.0,5695.0,1618.0,19.95,7129.0,12.69,,
,,,,,,,,,,,,
,,,,,,,,,,,,
,,,,,,,,,,,,
316.0,KBSTAR 23-11 회사채(AA-이상)액티브,51530.0,10.0,+0.02%,0.0,5692.0,11046.0,0.0,11793.0,,,
317.0,KBSTAR 단기통안채,107600.0,5.0,0.00%,0.0,5681.0,5280.0,0.91,1998143.0,,,
318.0,부광약품,7990.0,90.0,-1.11%,500.0,5678.0,71063.0,5.99,114873.0,-228.29,-0.93,
319.0,HSD엔진,7870.0,60.0,-0.76%,1000.0,5631.0,71544.0,2.96,492609.0,-12.53,-18.7,
320.0,일동제약,20950.0,250.0,-1.18%,1000.0,5615.0,26803.0,5.6,141200.0,-3.9,-82.28,
,,,,,,,,,,,,
,,,,,,,,,,,,
,,,,,,,,,,,,
321.0,QV 코스피 변동성 매칭형 양매도 ETN,7975.0,0.0,0.00%,0.0,5582.0,70000.0,0.0,13.0,,,
322.0,LG생활건강우,265000.0,2000.0,+0.76%,5000.0,5564.0,2100.0,64.66,6513.0,19.85,,
323.0,애경산업,20950.0,550.0,-2.56%,1000.0,5533.0,26410.0,4.25,94579.0,33.41,4.7,
324.0,지누스,29050.0,550.0,-1.86%,500.0,5491.0,18901.0,13.32,30110.0,18.08,5.32,
325.0,파미셀,9110.0,40.0,-0.44%,500.0,5468.0,60017.0,9.25,135547.0,50.05,15.16,
,,,,,,,,,,,,
,,,,,,,,,,,,
,,,,,,,,,,,,
326.0,쿠쿠홀딩스,15370.0,80.0,-0.52%,100.0,5466.0,35562.0,7.05,13734.0,4.68,12.72,
327.0,삼성 레버리지 WTI원유 선물 ETN,1350.0,10.0,-0.74%,0.0,5454.0,404000.0,0.0,505037.0,,,
328.0,티와이홀딩스,10690.0,20.0,-0.19%,500.0,5444.0,50929.0,4.96,22755.0,6.09,6.31,
329.0,TIGER 단기채권액티브,51875.0,5.0,+0.01%,0.0,5415.0,10438.0,0.01,937526.0,,,
330.0,영진약품,2945.0,65.0,-2.16%,500.0,5386.0,182893.0,4.73,626189.0,-24.54,-22.55,
,,,,,,,,,,,,
,,,,,,,,,,,,
,,,,,,,,,,,,
331.0,엠씨넥스,29800.0,750.0,-2.45%,500.0,5357.0,17978.0,7.46,51880.0,23.32,7.56,
332.0,유안타증권,2650.0,85.0,-3.11%,5000.0,5289.0,199597.0,64.67,247086.0,12.5,2.93,
333.0,동일산업,218000.0,0.0,0.00%,5000.0,5287.0,2425.0,1.98,505.0,24.2,5.33,
334.0,KODEX 선진국MSCI World,21695.0,45.0,+0.21%,0.0,5283.0,24350.0,0.0,79473.0,,,
335.0,동아쏘시오홀딩스,82900.0,900.0,-1.07%,5000.0,5263.0,6349.0,12.73,8116.0,47.18,1.15,
,,,,,,,,,,,,
,,,,,,,,,,,,
,,,,,,,,,,,,
336.0,HANARO 200,33460.0,240.0,-0.71%,0.0,5220.0,15600.0,0.01,158894.0,,,
337.0,경동나비엔,35650.0,600.0,+1.71%,1000.0,5194.0,14569.0,7.07,34935.0,9.69,11.07,
338.0,삼성화재우,162600.0,300.0,-0.18%,500.0,5190.0,3192.0,24.37,10814.0,6.42,,
339.0,한국카본,11800.0,220.0,+1.90%,500.0,5187.0,43961.0,10.04,1796052.0,25.6,5.11,
340.0,신영증권,55100.0,0.0,0.00%,5000.0,5172.0,9386.0,7.6,327.0,15.49,6.45,
,,,,,,,,,,,,
,,,,,,,,,,,,
,,,,,,,,,,,,
341.0,한화손해보험,4420.0,130.0,-2.86%,5000.0,5160.0,116739.0,8.07,189103.0,2.22,27.68,
342.0,미래에셋증권2우B,3665.0,25.0,-0.68%,5000.0,5131.0,140000.0,10.32,46869.0,4.42,,
343.0,TIGER 차이나항셍테크,5735.0,120.0,-2.05%,0.0,5075.0,88500.0,0.32,1318676.0,,,
344.0,TIGER 24-10 회사채(A+이상)액티브,52630.0,15.0,+0.03%,0.0,5074.0,9640.0,0.14,36927.0,,,
345.0,LF,17330.0,60.0,-0.35%,5000.0,5067.0,29240.0,22.13,19673.0,3.33,10.86,
,,,,,,,,,,,,
,,,,,,,,,,,,
,,,,,,,,,,,,
346.0,화신,14500.0,790.0,+5.76%,500.0,5063.0,34920.0,5.7,1495360.0,6.82,23.0,
347.0,고려제강,19970.0,330.0,-1.63%,1000.0,4992.0,25000.0,7.58,39783.0,6.16,5.18,
348.0,KOSEF 200TR,40820.0,285.0,-0.69%,0.0,4980.0,12200.0,0.04,35129.0,,,
349.0,TIGER 글로벌리튬&2차전지SOLACTIVE(합성),8950.0,175.0,-1.92%,0.0,4940.0,55200.0,0.24,135191.0,,,
350.0,진원생명과학,6270.0,120.0,-1.88%,1000.0,4875.0,77752.0,14.69,366407.0,-12.77,-19.67,
,,,,,,,,,,,,
,,,,,,,,,,,,
,,,,,,,,,,,,
,,,,,,,,,,,,
351.0,KOSEF 국고채10년,112390.0,330.0,+0.29%,0.0,4866.0,4330.0,0.29,20156.0,,,
352.0,신한 레버리지 WTI원유 선물 ETN(H),970.0,5.0,-0.51%,0.0,4850.0,500000.0,0.0,192375.0,,,
353.0,KODEX 미국S&P500TR,12305.0,15.0,+0.12%,0.0,4842.0,39350.0,0.82,255002.0,,,
354.0,SK디앤디,21800.0,400.0,+1.87%,1000.0,4837.0,22190.0,5.36,97791.0,6.88,11.47,
355.0,화승엔터프라이즈,7960.0,60.0,-0.75%,500.0,4823.0,60589.0,2.79,148617.0,-48.24,-1.86,
,,,,,,,,,,,,
,,,,,,,,,,,,
,,,,,,,,,,,,
356.0,신성이엔지,2340.0,320.0,+15.84%,500.0,4817.0,205848.0,4.97,74687921.0,14.1,16.3,
357.0,동아에스티,55400.0,100.0,-0.18%,5000.0,4773.0,8615.0,20.92,4487.0,35.22,2.04,
358.0,미래에셋생명,2690.0,5.0,+0.19%,5000.0,4762.0,177016.0,2.07,100209.0,9.28,3.56,
359.0,JW중외제약,20750.0,850.0,-3.94%,2500.0,4738.0,22835.0,8.31,71776.0,15.77,14.45,
360.0,롯데손해보험,1518.0,12.0,-0.78%,1000.0,4711.0,310336.0,0.68,131909.0,-7.48,-8.7,
,,,,,,,,,,,,
,,,,,,,,,,,,
,,,,,,,,,,,,
361.0,이아이디,2780.0,215.0,-7.18%,200.0,4707.0,169322.0,0.69,32415120.0,-2.7,-47.66,
362.0,TIGER 미국달러단기채권액티브,11575.0,80.0,+0.70%,0.0,4706.0,40660.0,0.06,48404.0,,,
363.0,유니드,69100.0,500.0,-0.72%,5000.0,4676.0,6768.0,11.7,23237.0,4.75,13.1,
364.0,NICE,12280.0,90.0,+0.74%,500.0,4652.0,37882.0,12.51,23701.0,12.66,4.9,
365.0,조선내화,11520.0,380.0,-3.19%,500.0,4608.0,40000.0,2.43,3242434.0,11.26,6.03,
,,,,,,,,,,,,
,,,,,,,,,,,,
,,,,,,,,,,,,
366.0,세아홀딩스,114300.0,1100.0,+0.97%,5000.0,4572.0,4000.0,0.58,692.0,3.71,6.14,
367.0,DB,2265.0,105.0,+4.86%,500.0,4557.0,201174.0,3.49,5473964.0,80.89,1.58,
368.0,빙그레,45650.0,1000.0,+2.24%,5000.0,4497.0,9851.0,18.46,46024.0,17.51,4.53,
369.0,ACE 미국나스닥100,13265.0,10.0,+0.08%,0.0,4497.0,33900.0,0.0,162031.0,,,
370.0,SGC에너지,30500.0,100.0,+0.33%,5000.0,4476.0,14677.0,5.84,129131.0,3.97,17.44,
,,,,,,,,,,,,
,,,,,,,,,,,,
,,,,,,,,,,,,
371.0,콘텐트리중앙,23150.0,250.0,-1.07%,5000.0,4459.0,19262.0,0.93,47672.0,-10.25,-23.94,
372.0,에어부산,3800.0,355.0,-8.54%,1000.0,4432.0,116640.0,1.28,1377566.0,-2.17,-116.96,
373.0,삼화콘덴서,42550.0,600.0,-1.39%,1000.0,4423.0,10395.0,6.06,36030.0,15.18,13.69,
374.0,코람코에너지리츠,4985.0,105.0,-2.06%,500.0,4413.0,88534.0,1.37,123819.0,38.35,2.8,
375.0,롯데정보통신,28650.0,1700.0,-5.60%,5000.0,4411.0,15396.0,1.77,80834.0,14.47,7.11,
,,,,,,,,,,,,
,,,,,,,,,,,,
,,,,,,,,,,,,
376.0,KB스타리츠,4335.0,85.0,-1.92%,500.0,4396.0,101414.0,0.07,63358.0,-69.92,,
377.0,남해화학,8810.0,320.0,-3.50%,1000.0,4377.0,49679.0,5.27,633064.0,9.26,9.65,
378.0,ACE 200,33770.0,245.0,-0.72%,0.0,4323.0,12800.0,9.85,9327.0,,,
379.0,KODEX 코스닥150,12770.0,255.0,-1.96%,0.0,4316.0,33800.0,16.61,6381572.0,,,
380.0,삼양사,41800.0,1250.0,-2.90%,5000.0,4311.0,10313.0,4.29,15868.0,6.47,5.33,
,,,,,,,,,,,,
,,,,,,,,,,,,
,,,,,,,,,,,,
381.0,아모레퍼시픽우,40700.0,650.0,-1.57%,500.0,4297.0,10558.0,58.61,13858.0,20.9,,
382.0,ARIRANG 종합채권(AA-이상)액티브,103205.0,0.0,0.00%,0.0,4290.0,4157.0,0.0,0.0,,,
383.0,조일알미늄,3360.0,160.0,-4.55%,500.0,4255.0,126632.0,1.88,7192219.0,23.66,10.08,
384.0,KODEX 미국나스닥100TR,11430.0,10.0,+0.09%,0.0,4246.0,37150.0,0.72,239290.0,,,
385.0,TIGER KRX2차전지K-뉴딜,19030.0,385.0,-1.98%,0.0,4244.0,22300.0,1.26,898500.0,,,
,,,,,,,,,,,,
,,,,,,,,,,,,
,,,,,,,,,,,,
386.0,풍산홀딩스,42000.0,150.0,+0.36%,5000.0,4199.0,9999.0,9.8,91723.0,5.98,7.94,
387.0,삼성FN리츠,5430.0,60.0,+1.12%,500.0,4197.0,77300.0,0.34,453370.0,,,
388.0,KODEX 미국FANG플러스(H),22170.0,65.0,-0.29%,0.0,4170.0,18810.0,0.2,51582.0,,,
389.0,한농화성,26650.0,500.0,+1.91%,500.0,4167.0,15637.0,1.15,20821793.0,48.63,5.71,
390.0,풀무원,10910.0,50.0,+0.46%,500.0,4159.0,38121.0,0.65,127117.0,-24.74,-4.23,
,,,,,,,,,,,,
,,,,,,,,,,,,
,,,,,,,,,,,,
391.0,세아제강,145900.0,3000.0,-2.01%,5000.0,4138.0,2836.0,12.18,13364.0,2.6,21.12,
392.0,현대그린푸드,12180.0,280.0,+2.35%,500.0,4127.0,33881.0,11.04,579046.0,,,
393.0,송원산업,17170.0,330.0,-1.89%,500.0,4121.0,24000.0,19.28,108475.0,3.12,21.53,
394.0,SIMPAC,6250.0,820.0,+15.10%,500.0,4089.0,65430.0,3.59,12398400.0,5.37,13.28,
395.0,신한알파리츠,5530.0,70.0,-1.25%,1000.0,4083.0,73830.0,5.65,167420.0,31.24,1.39,
,,,,,,,,,,,,
,,,,,,,,,,,,
,,,,,,,,,,,,
396.0,BGF,4260.0,130.0,-2.96%,1000.0,4078.0,95717.0,4.46,218742.0,17.25,1.5,
397.0,KODEX 단기변동금리부채권액티브,106410.0,40.0,-0.04%,0.0,4074.0,3829.0,0.0,1913.0,,,
398.0,케이씨텍,19310.0,120.0,+0.63%,500.0,4028.0,20862.0,10.93,16614.0,7.27,13.66,
399.0,쎌마테라퓨틱스,6410.0,0.0,0.00%,500.0,4010.0,62557.0,0.12,0.0,-43.02,-46.91,
400.0,서연이화,14780.0,1040.0,+7.57%,500.0,3995.0,27028.0,11.35,628779.0,7.17,8.03,
,,,,,,,,,,,,
,,,,,,,,,,,,
,,,,,,,,,,,,
,,,,,,,,,,,,
401.0,HDC,6600.0,130.0,-1.93%,5000.0,3943.0,59742.0,16.59,144392.0,-76.74,-0.21,
402.0,신영증권우,55400.0,100.0,-0.18%,5000.0,3908.0,7054.0,6.12,78.0,15.57,,
403.0,국도화학,43350.0,1250.0,-2.80%,5000.0,3906.0,9011.0,19.11,24896.0,5.26,9.03,
404.0,세진중공업,6770.0,80.0,-1.17%,500.0,3849.0,56849.0,1.04,427967.0,33.19,7.09,
405.0,아세아시멘트,9800.0,140.0,-1.41%,500.0,3818.0,38958.0,4.19,82543.0,6.01,6.79,
,,,,,,,,,,,,
,,,,,,,,,,,,
,,,,,,,,,,,,
406.0,코오롱플라스틱,10040.0,80.0,-0.79%,1000.0,3815.0,38000.0,0.73,208079.0,10.69,14.98,
407.0,TYM,2495.0,145.0,-5.49%,500.0,3801.0,152354.0,4.35,3460959.0,3.87,33.53,
408.0,맵스리얼티1,4055.0,5.0,-0.12%,0.0,3764.0,92834.0,3.57,81766.0,,,
409.0,웅진씽크빅,3240.0,85.0,-2.56%,500.0,3742.0,115506.0,5.31,485215.0,124.62,0.85,
410.0,한미글로벌,33850.0,3400.0,-9.13%,500.0,3709.0,10958.0,1.74,1729966.0,15.85,15.11,
,,,,,,,,,,,,
,,,,,,,,,,,,
,,,,,,,,,,,,
411.0,한화갤러리아,1909.0,135.0,+7.61%,500.0,3701.0,193860.0,14.01,24637915.0,,,
412.0,한화리츠,5200.0,90.0,+1.76%,500.0,3671.0,70600.0,0.58,273842.0,,,
413.0,한국자산신탁,2955.0,25.0,-0.84%,500.0,3664.0,123978.0,5.59,98533.0,3.38,12.15,
414.0,TIGER 일본니케이225,16925.0,45.0,+0.27%,0.0,3649.0,21560.0,0.0,9836.0,,,
415.0,TIGER 미국S&P500선물(H),47590.0,140.0,-0.29%,0.0,3593.0,7550.0,0.27,128265.0,,,
,,,,,,,,,,,,
,,,,,,,,,,,,
,,,,,,,,,,,,
416.0,일성신약,26950.0,0.0,0.00%,1000.0,3584.0,13300.0,1.16,46166.0,3.41,26.59,
417.0,휴스틸,6350.0,130.0,-2.01%,1000.0,3568.0,56188.0,6.95,1248921.0,1.22,29.59,
418.0,현대퓨처넷,3235.0,60.0,-1.82%,500.0,3565.0,110203.0,6.23,242384.0,-67.4,-0.71,
419.0,유나이티드제약,21450.0,50.0,+0.23%,500.0,3485.0,16245.0,6.84,32167.0,7.7,14.18,
420.0,한일홀딩스,11250.0,20.0,+0.18%,1000.0,3469.0,30833.0,2.82,5296.0,3.87,6.4,
,,,,,,,,,,,,
,,,,,,,,,,,,
,,,,,,,,,,,,
421.0,에스엠벡셀,3115.0,40.0,-1.27%,500.0,3465.0,111252.0,1.86,1583996.0,33.49,18.57,
422.0,포스코스틸리온,57500.0,3900.0,-6.35%,5000.0,3450.0,6000.0,1.78,366788.0,15.19,6.84,
423.0,스카이라이프,7200.0,120.0,-1.64%,2500.0,3443.0,47822.0,9.73,74375.0,15.38,2.77,
424.0,신대양제지,8530.0,10.0,+0.12%,5000.0,3437.0,40298.0,8.56,30723.0,0.72,8.99,
425.0,신도리코,34100.0,500.0,-1.45%,5000.0,3437.0,10080.0,9.05,4211.0,7.64,4.73,
,,,,,,,,,,,,
,,,,,,,,,,,,
,,,,,,,,,,,,
426.0,한국토지신탁,1359.0,22.0,-1.59%,1000.0,3431.0,252489.0,8.76,534052.0,14.31,2.36,
427.0,SK렌터카,7250.0,150.0,-2.03%,500.0,3428.0,47286.0,0.51,30716.0,16.51,4.15,
428.0,수산인더스트리,23950.0,750.0,-3.04%,200.0,3421.0,14286.0,2.29,89387.0,6.81,11.47,
429.0,효성화학,107000.0,3500.0,-3.17%,5000.0,3413.0,3190.0,4.86,20967.0,-0.83,-135.41,
430.0,HL홀딩스,32550.0,150.0,+0.46%,5000.0,3409.0,10472.0,6.52,15314.0,109.97,0.31,
,,,,,,,,,,,,
,,,,,,,,,,,,
,,,,,,,,,,,,
431.0,퍼시스,29600.0,0.0,0.00%,1000.0,3404.0,11500.0,18.84,377.0,57.93,,
432.0,잇츠한불,15490.0,480.0,-3.01%,500.0,3397.0,21929.0,0.77,30802.0,-49.81,-1.83,
433.0,영풍제지,17000.0,370.0,-2.13%,500.0,3397.0,19981.0,1.04,246985.0,111.11,5.91,
434.0,이연제약,18830.0,130.0,-0.69%,500.0,3389.0,17999.0,0.93,41132.0,46.84,3.02,
435.0,한일현대시멘트,17520.0,190.0,-1.07%,5000.0,3386.0,19328.0,0.4,13529.0,8.89,10.38,
,,,,,,,,,,,,
,,,,,,,,,,,,
,,,,,,,,,,,,
436.0,코리아써키트,14300.0,400.0,-2.72%,500.0,3378.0,23621.0,1.57,148277.0,5.7,15.53,
437.0,KISCO홀딩스,20800.0,300.0,-1.42%,1000.0,3365.0,16176.0,6.99,14874.0,4.35,7.99,
438.0,조광피혁,50300.0,1000.0,+2.03%,5000.0,3345.0,6649.0,0.34,1292.0,55.15,1.61,
439.0,KEC,2310.0,5.0,+0.22%,500.0,3344.0,144763.0,2.76,1221196.0,15.3,7.67,
440.0,서흥,28850.0,450.0,-1.54%,500.0,3338.0,11569.0,9.66,8308.0,9.82,8.4,
,,,,,,,,,,,,
,,,,,,,,,,,,
,,,,,,,,,,,,
441.0,아이마켓코리아,9980.0,30.0,-0.30%,500.0,3336.0,33429.0,8.29,38554.0,15.01,6.16,
442.0,남양유업,462500.0,21000.0,-4.34%,5000.0,3330.0,720.0,7.69,2990.0,-5.23,-10.12,
443.0,대한제강,13510.0,0.0,0.00%,1000.0,3330.0,24647.0,8.21,30221.0,2.65,18.5,
444.0,E1,48450.0,250.0,-0.51%,5000.0,3324.0,6860.0,3.93,12441.0,2.34,10.31,
445.0,대신증권우,12780.0,10.0,-0.08%,5000.0,3323.0,26000.0,10.63,23082.0,9.57,,
,,,,,,,,,,,,
,,,,,,,,,,,,
,,,,,,,,,,,,
446.0,교보증권,5130.0,30.0,-0.58%,5000.0,3317.0,64653.0,2.29,32734.0,7.66,2.93,
447.0,SNT다이내믹스,9950.0,480.0,+5.07%,2500.0,3309.0,33253.0,3.25,1486941.0,14.38,3.51,
448.0,TIGER 글로벌자율주행&전기차SOLACTIVE,9660.0,85.0,-0.87%,0.0,3304.0,34200.0,0.33,52140.0,,,
449.0,일양약품,17280.0,100.0,-0.58%,2500.0,3298.0,19086.0,7.68,22517.0,17.54,8.39,
450.0,YG PLUS,5190.0,0.0,0.00%,500.0,3292.0,63429.0,1.55,338829.0,28.21,8.39,
,,,,,,,,,,,,
,,,,,,,,,,,,
,,,,,,,,,,,,
,,,,,,,,,,,,
451.0,흥아해운,1367.0,31.0,-2.22%,500.0,3287.0,240425.0,0.85,207601.0,14.54,19.41,
452.0,KOSEF 200,33445.0,215.0,-0.64%,0.0,3278.0,9800.0,0.0,672.0,,,
453.0,SK증권,690.0,10.0,-1.43%,500.0,3261.0,472590.0,6.94,1871112.0,34.5,1.52,
454.0,한화3우B,14510.0,140.0,+0.97%,5000.0,3261.0,22472.0,13.53,107406.0,1.08,,
455.0,CJ4우(전환),77100.0,6200.0,-7.44%,5000.0,3259.0,4227.0,3.78,41842.0,13.61,,
,,,,,,,,,,,,
,,,,,,,,,,,,
,,,,,,,,,,,,
456.0,에이프로젠,1275.0,86.0,-6.32%,500.0,3234.0,253669.0,15.9,2280813.0,-1.99,-90.82,
457.0,농심홀딩스,69700.0,500.0,-0.71%,5000.0,3233.0,4638.0,1.51,2474.0,9.48,3.23,
458.0,LG헬로비전,4165.0,30.0,-0.72%,2500.0,3226.0,77447.0,6.37,135619.0,-12.4,-4.07,
459.0,지역난방공사,27800.0,300.0,-1.07%,5000.0,3219.0,11579.0,0.47,3095.0,-1.75,-10.55,
460.0,대원제약,14550.0,40.0,-0.27%,500.0,3196.0,21965.0,14.92,48193.0,9.95,13.59,
,,,,,,,,,,,,
,,,,,,,,,,,,
,,,,,,,,,,,,
461.0,HJ중공업,3810.0,95.0,-2.43%,5000.0,3173.0,83274.0,18.77,38841.0,-6.33,-12.28,
462.0,삼진제약,22800.0,450.0,-1.94%,1000.0,3169.0,13900.0,4.2,38205.0,14.48,,
463.0,KODEX 반도체,27525.0,655.0,-2.32%,0.0,3165.0,11500.0,0.07,250716.0,,,
464.0,방림,7450.0,110.0,-1.46%,500.0,3152.0,42314.0,3.26,290742.0,112.88,2.78,
465.0,이리츠코크렙,4950.0,10.0,-0.20%,500.0,3135.0,63342.0,1.15,57272.0,33.67,3.8,
,,,,,,,,,,,,
,,,,,,,,,,,,
,,,,,,,,,,,,
466.0,아세아제지,34650.0,100.0,-0.29%,5000.0,3103.0,8957.0,5.17,23541.0,3.29,12.43,
467.0,엘브이엠씨홀딩스,1802.0,11.0,+0.61%,0.0,3092.0,171588.0,13.62,1222491.0,-19.8,-4.45,
468.0,일신방직,13250.0,70.0,-0.53%,500.0,3085.0,23280.0,7.71,373556.0,2.78,13.8,
469.0,신성통상,2130.0,35.0,+1.67%,500.0,3061.0,143708.0,1.28,211109.0,3.5,25.2,
470.0,알루코,3400.0,10.0,+0.29%,500.0,3059.0,89969.0,1.48,23246032.0,21.94,5.99,
,,,,,,,,,,,,
,,,,,,,,,,,,
,,,,,,,,,,,,
471.0,LX하우시스,34100.0,550.0,-1.59%,5000.0,3058.0,8968.0,14.15,16187.0,-2.91,-14.25,
472.0,아세아,141200.0,300.0,-0.21%,5000.0,3056.0,2165.0,4.42,1697.0,3.68,8.89,
473.0,한진,20350.0,550.0,-2.63%,5000.0,3042.0,14948.0,6.93,17455.0,6.39,3.64,
474.0,환인제약,16350.0,50.0,-0.30%,500.0,3041.0,18600.0,14.3,9462.0,12.71,7.36,
475.0,락앤락,6000.0,10.0,-0.17%,500.0,3012.0,50200.0,76.73,63583.0,-19.87,-2.38,
,,,,,,,,,,,,
,,,,,,,,,,,,
,,,,,,,,,,,,
476.0,미래에셋 레버리지 원유선물혼합 ETN(H),7340.0,15.0,-0.20%,0.0,3009.0,41000.0,0.0,15789.0,,,
477.0,TRUE KIS CD금리투자 ETN,50115.0,0.0,0.00%,0.0,3007.0,6000.0,0.0,0.0,,,
478.0,STX엔진,13060.0,410.0,-3.04%,2500.0,3005.0,23009.0,0.0,51863.0,-13.53,-9.81,
479.0,남선알미늄,2320.0,45.0,-1.90%,500.0,2995.0,129079.0,6.44,1234506.0,9.75,10.3,
480.0,한국쉘석유,230000.0,1000.0,-0.43%,5000.0,2990.0,1300.0,62.34,661.0,11.19,24.02,
,,,,,,,,,,,,
,,,,,,,,,,,,
,,,,,,,,,,,,
481.0,모토닉,9050.0,90.0,-0.98%,500.0,2986.0,33000.0,11.49,26525.0,13.9,5.06,
482.0,DL건설,13510.0,340.0,-2.45%,5000.0,2979.0,22053.0,1.98,14048.0,5.68,5.67,
483.0,한국철강,7010.0,70.0,-0.99%,1000.0,2976.0,42450.0,10.09,36169.0,3.8,10.55,
484.0,광동제약,5650.0,120.0,-2.08%,1000.0,2962.0,52421.0,18.43,101139.0,12.26,4.76,
485.0,경방,10750.0,70.0,-0.65%,500.0,2947.0,27415.0,1.12,19608.0,66.77,0.59,
,,,,,,,,,,,,
,,,,,,,,,,,,
,,,,,,,,,,,,
486.0,그린케미칼,12250.0,250.0,+2.08%,500.0,2940.0,24000.0,0.88,4515297.0,102.08,2.34,
487.0,일진다이아,20500.0,400.0,+1.99%,1000.0,2912.0,14203.0,1.6,50459.0,-43.43,-1.65,
488.0,대한제당,3245.0,85.0,-2.55%,500.0,2911.0,89697.0,2.59,4778253.0,12.2,4.87,
489.0,KODEX 은행,6290.0,70.0,-1.10%,0.0,2884.0,45850.0,0.0,800522.0,,,
490.0,경동인베스트,120800.0,5200.0,-4.13%,5000.0,2857.0,2365.0,8.07,53184.0,20.1,3.23,
,,,,,,,,,,,,
,,,,,,,,,,,,
,,,,,,,,,,,,
491.0,KBSTAR Fn수소경제테마,10390.0,40.0,-0.38%,0.0,2852.0,27450.0,0.01,47742.0,,,
492.0,BYC,456500.0,6500.0,-1.40%,5000.0,2851.0,625.0,1.58,74.0,10.87,7.08,
493.0,삼양패키징,18020.0,200.0,-1.10%,5000.0,2845.0,15789.0,5.27,6465.0,23.19,,
494.0,현대차증권,8970.0,40.0,-0.44%,5000.0,2845.0,31713.0,2.88,18345.0,3.99,7.3,
495.0,한전산업,8720.0,250.0,-2.79%,500.0,2843.0,32600.0,1.25,200526.0,17.47,17.93,
,,,,,,,,,,,,
,,,,,,,,,,,,
,,,,,,,,,,,,
496.0,삼익THK,13430.0,490.0,-3.52%,500.0,2820.0,21000.0,34.16,83397.0,16.94,,
497.0,대한방직,53000.0,300.0,+0.57%,1000.0,2809.0,5300.0,0.58,555.0,-53.7,-3.81,
498.0,도화엔지니어링,8260.0,280.0,-3.28%,500.0,2785.0,33720.0,1.75,135700.0,168.57,0.62,
499.0,대상홀딩스,7640.0,80.0,-1.04%,1000.0,2767.0,36213.0,4.75,40795.0,8.8,4.47,
500.0,한국콜마홀딩스,14830.0,400.0,-2.63%,500.0,2755.0,18577.0,14.7,26181.0,-47.99,-0.98,
,,,,,,,,,,,,
,,,,,,,,,,,,
,,,,,,,,,,,,
